1668 AcKArY
1536 AcOCK
3269 AgAr
1549 AgEr
3245 AlAm
3160 AlBEr
15185 AlCOCK, AlCoCK
1575 AlEsBrOOK
61008 AlI
1636 AlKEr
25789 AlLaN
1550 AlLaNSON
9785 AlLiSON
10568 AlMoNd
4751 AlPIN, AlPIn
1635 AlSOP
1648 AlThAm
1662 AlThOFF
6336 AlVEs
1618 AmBrOSe
10811 AmIN, AmIn
1655 AmNEr
10638 AmOS, AmOs
17944 ArCHEr
1655 ArKINS, ArKInS
1590 ArON
1611 ArTlIFF
1545 AsEr
6462 AsHBY
1588 AsHBeY
1617 AsHBrOOK
6051 AsHEr
1603 AsHMoRe
3319 AsHe
1551 AsKEr
1592 AsKWITh
3310 AsPIN, AsPIn
1529 AsPLaNd
1555 AsPReY
1570 AtCHEsON, AtCHeSON
6162 AtKIN, AtKIn
31015 AtKINS, AtKInS
51520 AtKINSON, AtKInSON
1578 AtMoRe
1635 AuBORn
1635 AuBReY
3123 AuSTeN
42785 AuSTiN
8064 BAcON, BaCON, BaCoN
3189 BAlCH
1600 BAlCHIN, BAlCHIn
3161 BAlIN, BAlIn, BaLiN
1621 BAlISS, BaLiSS
1555 BAmBEr
1560 BArBArY, BaRbArY
12673 BArBEr, BaRbEr
16720 BArCLaY
1531 BArCOCK, BArCoCK
3153 BArHAm, BaRhAm
1625 BArKBY
55092 BArKEr
1659 BArKHAm
1664 BArKS
1527 BArLaNd
64291 BArNEs, BArNeS, BaRnEs
1645 BArNS, BaRnS
3044 BArNY, BaRnY
1574 BArNaBY
9201 BArON
1616 BArRaS
3246 BArRaSS
3278 BArRe
1509 BArReN
1565 BArSBY, BArSbY
3200 BArTh
1622 BArWICK
1535 BAsHAm, BaSHAm
1607 BAsKIN, BAsKIn, BaSKIN, BaSKIn
11457 BAsS, BaSS
1628 BAsTiON, BaSTiON
3304 BAtCH, BaTcH
40781 BAtEs, BaTeS
4738 BAtEsON, BaTeSON
3213 BAtH, BaTh
4832 BAtHAm, BaThAm
3290 BAtHGaTe, BaThGaTe
1676 BAtSON, BaTsON
9215 BAtTeN
1635 BAuCKHAm, BaUCKHAm
1623 BErN, BeRn
1522 BErThON
1558 BErTiS
1526 BEsS, BeSS
1543 BEsSEr, BeSSEr
1578 BEsWICK, BeSWICK
4850 BHAmRa, BhAmRa
1634 BICKEr, BiCKEr
1663 BICKErS, BiCKErS
1571 BICKMoRe, BiCKMoRe
1569 BINCH, BInCH, BiNCH
1639 BINKS, BInKS, BiNKS
1516 BINNION, BINNiON, BInNION, BInNiON, BiNNION, BiNNiON
1532 BINNS, BInNS, BiNNS
4924 BINNeY, BInNeY, BiNNeY
31479 BISHOP, BISHoP, BiSHOP, BiSHoP
4776 BISSON, BiSSON
1588 BIrBeCK
9587 BIrCH
1574 BIrKBY
1568 BIrKBeCK
3178 BIrKIN, BIrKIn
4797 BIrKS
1621 BIrNe
49851 BLaCK
18287 BLaCKBURn
1565 BLaCKHAm
15967 BLaCKMoRe
1635 BLaCKSmITh
1661 BLaCKThORn
22753 BLaIr
3172 BLaNC
6573 BLaNd
1665 BLaNdINe
3343 BLaNeY
3206 BLaYNeY
1613 BLiCK
3328 BLiSS
40761 BOB
1663 BOBBErSON
1517 BOBBIN, BOBBIn, BOBBiN
3086 BOBBINS, BOBBInS, BOBBiNS
1557 BOBINSON, BOBInSON, BOBiNSON
1625 BOCOCK, BOCoCK
1611 BOFFeY
4777 BOLaN
6413 BOLaNd
1565 BONDs, BONdS
3308 BONEs, BONeS
1674 BONHAm, BONhAm
12596 BONNEr
3253 BONNY
1536 BONSON
36816 BONd
11116 BONe
1601 BONeHAm
1607 BOOKEr
1617 BOOKHAm
6541 BOON
63239 BOOTh
3204 BORg
3180 BOSHEr, BOsHEr
3287 BOSS, BOsS
3175 BOUNDy, BOUNdY
1575 BOUSe
7735 BOWEr
15689 BOWErS
12714 BOWEs
1670 BOWNEsS, BOWNeSS
1538 BOWSEr
1638 BOWYEr
10864 BOYCe
1622 BOYEr
1623 BOYErS
1627 BOYHAm
1659 BOYLaNd
1542 BOYNEs, BOYNeS
1536 BOYNe
3287 BRaCe
5008 BRaCeY
3181 BRaDbURn
28356 BRaDy
3326 BRaHAm
1556 BRaHNeY
8024 BRaIN, BRaIn
1630 BRaISBY, BRaISbY
3270 BRaKEs
1572 BRaNAgH
1534 BRaNDy, BRaNdY
1561 BRaNIGaN, BRaNiGaN
1570 BRaNN
3165 BRaNNIGaN, BRaNNiGaN
3194 BRaNNON, BRaNNoN
3137 BRaNNaN
1619 BRaNd
1621 BRaNdEr
1645 BRaNdHAm
1657 BRaNdON
21149 BRaY
3059 BRaYBrOOK
1617 BReCHIN, BReCHIn
1639 BReCKON
1532 BReGaN
1561 BReHeNY
3322 BReMnEr
25766 BReNNaN
1595 BReW
11208 BReWEr
1618 BReWIN, BReWIn
19031 BRuCe, BrUCe
1649 BRuNSWICK, BrUNSWICK
1542 BRuNdISH, BrUNdISH
3139 BRuNe, BrUNe
1531 BRuWIN, BRuWIn, BrUWIN, BrUWIn
9663 BUCK
1531 BUCKHAm
4644 BUCKLaNd
1604 BUCKNORe, BUCKNoRe
3162 BUFF
1589 BUFFReY
1602 BUNCH
3183 BUNCe
1667 BUNKEr
3030 BUNN
3155 BUNTaIN, BUNTaIn
1624 BUNdOCK
1637 BURg
31473 BURgEsS
3039 BURgIN, BURgIn
10752 BURn
4828 BURnHAm
1643 BURnISH
48179 BURnS
14155 BUSBY, BUSbY
20855 BUSH
4843 BUSHBY
3284 BUSHeN
3044 BUSSeY
7919 BUTcHEr
1598 BUTcHErS
69298 BUTlEr
1640 BUXeY
1568 BYErS
1677 BYWAtEr
3060 BaBBS
1531 BaBBaGe
15307 BaIN, BaIn
6209 BaINEs, BaINeS, BaInEs
14064 BaINS, BaInS
104639 BaKEr
1649 BaNK
29546 BaNKS
8324 BaNNEr
4573 BaNNIGaN, BaNNiGaN
3117 BaNNON, BaNNoN
1655 BaNNaN
3331 BaNd
1577 BaNe
1649 BaReNDs, BaReNdS
10701 BaTe
4780 BaTeY
3200 BaVIN, BaVIn
3119 BaYLiFF
4689 BaYLiS
6286 BaYLiSS
1605 BaYNEs, BaYNeS
1604 BaYNHAm, BaYNhAm
1595 BaYNe
1641 BaYS
4720 BeAcH
4746 BeAcHAm
1589 BeAcOCK
1610 BeAcON
9789 BeAl
1661 BeAlEs
6111 BeAmISH
11117 BeAr
1647 BeArDs
1524 BeArNe
1560 BeAsMoRe
3112 BeAsON
3189 BeAtON
1632 BeAtSON
1656 BeCHe
11663 BeCK
4562 BeCKEr
3123 BeCKHAm
1659 BeDsON
7756 BeEr
1586 BeEs
1627 BeNCHOFF, BeNCHoFF
4923 BeNHAm, BeNhAm
1661 BeNS
24978 BeNSON
3229 BeNThAm
1653 BeNTlY
4967 BeRgEr
1675 BeRgErON
1515 BeRgIN, BeRgIn
1599 BeVErLaNd
3263 BeVIS
3091 BeYNON, BeYNoN
1524 BrAmHAm
3088 BrAmPtON
4557 BrICe
1658 BrIDsON
1516 BrIEr
3079 BrINe
1636 BrISLaNd
1645 BrISSON
7879 BrOCK
3211 BrOGaN
13770 BrOOK
7745 BrOOKEr
18724 BrOOKEs
1618 BrOOKIN, BrOOKIn
59633 BrOOKS
4564 BrOPHY
380443 BrOWN
26591 BrOWNe
1561 BrYArS
4718 BrYCe
1626 BrYEr
1634 BrYErS
1633 BrYN
6580 BrYSON
1575 CAgNeY
1668 CAlAsTiNe, CaLaSTiNe
1638 CAlKIN, CAlKIn
1653 CAlLaGaN
4546 CAlLaN
1530 CAlLaNdEr
1588 CAmBRaY
33846 CAmErON
3161 CAmPION
1536 CAmPaN
1602 CArDy
1606 CArMoODy
9922 CArNeY
3287 CArRe
4830 CArRuThErS
14750 CArSON
1652 CArVEr
4993 CAsHMoRe, CaSHMoRe
3102 CAsS, CaSS
21602 CAsSIDy, CAsSiDy, CaSSIDy, CaSSiDy
3135 CAsSON, CaSSON
3074 CAsTeTs, CaSTeTs
1560 CAsTlEs, CaSTlEs
1660 CAtEr
1528 CAtHErY, CaThErY
4662 CAtLiN, CaTlIN, CaTlIn
7961 CAtON
1636 CAtTaN
3063 CAtTiGaN
4566 CErON
3318 CHAlK
1514 CHAlKEr
1546 CHAlLiS
1618 CHAmBEr
13021 CHAmBErLaIN, CHAmBErLaIn
52399 CHAmBErS
1662 CHAmBON
4632 CHAmPION
4924 CHArGe
4883 CHArNOCK, CHArNoCK
1522 CHAtTeY
7558 CHEsHIRe, CHeSHIRe
3040 CHEsNeY, CHeSNeY
9535 CHILvErS
3227 CHIN, CHIn
1667 CHINN, CHInN
3330 CHINNErY, CHInNErY
3046 CHUBB
1550 CHeAl
4580 CHeN
1552 CHeNeY
1667 CHeWINS, CHeWInS
3313 CISSe
1566 CLaCK, ClAcK
4842 CLaNCY
3259 CLaPHAm
1637 CLaPP
1647 CLaPtON
1536 CLaReY
1659 CLaVIN, CLaVIn
1662 CLaWSON
15237 CLaY
4783 CLiFF, ClIFF
1607 COAr, CoAr
27653 COAtEs, CoAtEs
3317 COBB, CoBB
1522 COBBaN, CoBBaN
7710 COBURn, CoBURn
1569 COCHRaN, CoCHRaN
7861 COCHRaNe, CoCHRaNe
4810 COCKBURn, CoCKBURn
3275 COCKEr, CoCKEr
1670 COCKLiN, CoCKLiN
1518 COCKrAm, CoCKrAm
8012 COFFeY, CoFFeY
11510 COHeN, CoHeN
1553 COKEr, CoKEr
3130 COLaS, CoLaS
1593 COLvEr, CoLvEr
1603 COLvIN, COLvIn, CoLvIN, CoLvIn
1635 CONAtY, CoNAtY
3182 CONLaN, CoNLaN
3214 CONLiN, CoNLiN
1645 CONNAl, CoNNAl
4639 CONNEr, CoNNEr
1645 CONNaN, CoNNaN
3134 CONSTaNTiNe, CoNSTaNTiNe
3191 CONTe, CoNTe
1676 CONYErS, CoNYErS
4557 COOGaN, CoOGaN
111306 COOK, CoOK
1569 COOKLaNd, CoOKLaNd
4794 COOKSON, CoOKSON
1591 COOKSeY, CoOKSeY
3082 COONeY, CoONeY
1549 COOP, CoOP
161076 COOPEr, CoOPEr
1621 COOTe, CoOTe
4951 COPLaNd, CoPLaNd
1534 COPPAcK, COPPaCK, CoPPAcK, CoPPaCK
1570 COPPIN, COPPIn, CoPPIN, CoPPIn
1606 COPPOLa, COPPoLa, CoPPOLa, CoPPoLa
3234 COPSON, CoPSON
1606 COPSeY, CoPSeY
1519 CORbIN, CORbIn, CoRbIN, CoRbIn
1556 CORbYN, CoRbYN
6650 CORe, CoRe
4993 CORnEr, CoRnEr
3130 CORnICK, CoRnICK
11032 CORnISH, CoRnISH
6351 CORnOCK, CoRnOCK
3082 COSS, COsS, CoSS
3114 COSSAr, COsSAr, CoSSAr
8003 COSTa, COsTa, CoSTa
3318 COSTiGaN, COsTiGaN, CoSTiGaN
1531 COSmAr, CoSmAr
1516 COThIEr, CoThIEr
10732 COUCH, CoUCH
3214 COUPLaNd, CoUPLaNd
4780 COUSIN, COUSIn, COUSiN, CoUSIN, CoUSIn, CoUSiN
11216 COUSINS, COUSInS, COUSiNS, CoUSINS, CoUSInS, CoUSiNS
3227 COYNe, CoYNe
1626 COgHLiN
8198 CRaBB
3199 CRaIB
1620 CRaIGeN
1679 CRaINe
3104 CRaMoNd, CrAmONd
1583 CRaN
12718 CRaNe
1609 CRaNeY
3274 CReAmEr
1650 CReArY
1672 CReAsEr
3218 CReSSeY, CrEsSeY
4912 CReW
3307 CReWDsON
1530 CUBBIN, CUBBIn, CUBBiN, CuBBIN, CuBBIn, CuBBiN
1588 CUFFe, CuFFe
1551 CULvEr, CuLvEr
4575 CUNLiFFe, CuNLiFFe
1680 CURe, CuRe
1614 CUSHeN, CuSHeN
3289 CUSS, CuSS
1671 CUSSON, CuSSON
4691 CUThBErTsON, CuThBErTsON
3217 CUTlEr, CuTlEr
1634 CaHN
6618 CaIN, CaIn
1527 CaINEs, CaINeS, CaInEs
3039 CaINe
18682 CaIRnS, CaIrNS
1560 CaIrNeY
3283 CaNHAm, CaNhAm
7616 CaNN
17075 CaNNON, CaNNoN
1579 CaNON, CaNoN
1635 CaNTlIFFe
1593 CaNdLiN
3246 CaNe
1629 CaNeY
4780 CaPLaN
1650 CaPP
4977 CaPPEr
3033 CaPPS
19272 CaReY
13156 CaSeY
1575 CaTlOW
6402 ClAmP
140662 ClArK
18815 ClArKSON
1542 ClErK
1544 ClODy
1563 ClOHEsY, ClOHeSY
7899 ClOSe
1644 ClOVEr
4965 ClOWEs
1520 CrAm
3120 CrAmPtON
1528 CrIBB
1547 CrICK
4824 CrIPPS
11520 CrISP
7962 CrOCKEr
1640 CrOFTe
4926 CrOFTs
4742 CrONIN, CrONIn, CrONiN
3114 CrONe
7995 CrOOK
3243 CrOOKEs
1632 CrOOKS
1539 CrOPPEr
7667 CrOSBY, CrOSbY, CrOsBY
4633 CrOSLaNd, CrOsLaNd
35736 CrOSS, CrOsS
4764 CrOSSLaNd, CrOsSLaNd
3148 CrOSSe, CrOsSe
3326 CrOThErS
12086 CrOUCH
6081 CrOUCHEr
4759 CrOW
1595 CrOWBAr
4946 CrOWN
16557 CrOWThEr
3278 CrYEr
1541 DyAsON
18737 DyEr
3147 DyErSON
4836 DyKEs
1633 DyLaN
4914 DyMoNd
8337 DySON
1638 EsKINS, EsKInS
1659 EsLiCK
3127 EsSAm
1608 EsSOP
1521 EsTlICK
3125 FAgON
6094 FAlCONEr, FAlCoNEr
3105 FAlK
1633 FAlLiS
1668 FAlSH
1659 FArGe
1537 FArOW
3209 FArRe
3267 FArReN
1608 FAtCAt
3223 FErN, FeRn
3052 FErNS, FeRnS
1546 FErRaBY
1558 FErRaN
14627 FErReIRa
1523 FIBBS
1540 FICK
1637 FINBOW, FINbOW, FInBOW
27884 FINCH, FInCH
9269 FINLaY, FInLaY
1559 FINLaYSON, FInLaYSON
6274 FINN, FInN
4887 FINNIGaN, FINNiGaN, FInNIGaN, FInNiGaN
1654 FINNIMoRe, FINNiMoRe, FInNIMoRe, FInNiMoRe
11098 FINNeGaN, FInNeGaN
1607 FINNeMoRe, FInNeMoRe
12865 FINNeY, FInNeY
3256 FINaN
9977 FINdLaY
1533 FINeGaN
7980 FISCHEr, FIScHEr
6464 FISH
54294 FISHEr
4555 FISK
3065 FITcH
18871 FIrTh
3212 FLaCK, FlAcK
3132 FLaNNErY
1589 FLaNNIGaN, FLaNNiGaN
1562 FLaNNaGaN
7577 FLaNaGaN
3049 FLaNdErS
1538 FOLaNd
3272 FONTaINe
1611 FONe
7765 FORaN
7812 FORbEs
1545 FORgHAm
3257 FOSS, FOsS
1643 FOSSe, FOsSe
1532 FOThErBY
4708 FOUCHEr
12090 FOUNTaIN, FOUNTaIn
42437 FRaNCIS
4555 FRaNCO, FRaNCo
4811 FRaNCe
1578 FRaNKINSON, FRaNKInSON
3155 FRaNKISH
3187 FRaNKLaNd
11203 FRaNKLiN
11339 FRaNKS
49924 FRaSEr, FrAsEr
1599 FReAr
1629 FReEsON
32541 FReNCH
1640 FReY
1670 FRuSHEr, FrUSHEr
4702 FUReY
1638 FURnEsS
1642 FURnISH
3313 FURnISS
1520 FYNN
1600 FeAlY
4875 FeArN
1645 FeArNS
1667 FeArON
1513 FeAtHEr
1523 FeGaN
3328 FeNN
1576 FeNSON
1580 FeNTlY
9656 FeNWICK
1612 FeNdEr
1525 FeRg
33983 FeRgUSON
1569 FeRgUSSON
4931 FlOReY
1667 FlOSS, FlOsS
16646 FlOWEr
4547 FlOWErS
1561 FlYN
39193 FlYNN
6364 FrAmPtON
3333 FrArY
1540 FrAtEr
1666 FrICKEr
7941 FrITh
1633 FrODsHAm
3150 FrOSTiCK, FrOsTiCK
1647 FrOY
9125 FrYEr
1644 GaFFIN, GaFFIn
8225 GaFFNeY
1522 GaFFY
6088 GaLvIN, GaLvIn
1534 GaNDy, GaNdY
1569 GaNNON, GaNNoN
3312 GaNdEr
3024 GaNdHAm
1534 GaNdON
3206 GaRbEr
29329 GaRnEr
1576 GaRnHAm
1573 GaSCOINe, GaSCoINe, GaScOINe
1582 GaSCON, GaSCoN, GaScON
6321 GaSCOYNe, GaSCoYNe, GaScOYNe
1625 GaSKIN, GaSKIn
1541 GaSSON
1567 GaTeHOUSe, GaTeHoUSe
1604 GaTeNBY, GaTeNbY
11265 GaTeS
1636 GaTeSON
4795 GaVIN, GaVIn
4772 GeArY
3301 GeEsON
1600 GeNIN, GeNIn, GeNiN
1633 GeNNEr
3186 GeNe
1527 GeOFFrOY
1601 GeORgEsON
3088 GeYEr
1556 GeYNEs, GeYNeS
3302 HAcK
1553 HAcKNeY
1559 HAgUEs
4568 HAlEs
1550 HAlLiGaN
1587 HAlLiSSeY
1530 HAlPErN
3060 HAlPIN, HAlPIn
1556 HAlSeY
1678 HAmBLiN
12428 HAmEr
1571 HAmEs
1608 HAmMoNDs, HAmMoNdS
28475 HAmMoNd
1660 HAmPEr
9110 HAmPSON
10690 HAmPtON
1643 HArBINSON, HArBInSON, HArBiNSON
1662 HArBISON, HArBiSON
1558 HArBY
1584 HArCUP, HArCuP
33773 HArDy
6302 HArKEr
1588 HArKIN, HArKIn
4799 HArKNEsS, HArKNeSS
1616 HArLaN
3262 HArLaNd
1599 HArN
4808 HArNEsS, HArNeSS
3261 HArNeY
61606 HArPEr
1519 HArPIC
4544 HArTsHORn, HArTsHoRn
4602 HAsKINS, HAsKInS
1614 HAsSON
1633 HAsTiCK
5010 HAtCH
1622 HAtON
1636 HAtTeN
1564 HAuNCH
1643 HErAtH, HeRaTh
3278 HErAtY
1520 HErCOCK, HErCoCK
4688 HErITaGe
3305 HErN, HeRn
6281 HErON
1656 HErSeY
1525 HErTeY
3184 HEsKINS, HEsKInS, HeSKINS, HeSKInS
3251 HEsP, HeSP
1633 HEsSe, HeSSe
1585 HIBBS
1611 HICKLiN
21352 HICKS
3312 HICKSON
3098 HIDsON
1565 HINCH, HInCH
4681 HINCHLiFFe, HInCHLiFFe
1594 HINCKS, HInCKS
4997 HINDs, HINdS, HInDs
4583 HINEs, HINeS, HInEs
1550 HINKIN, HINKIn, HInKIN, HInKIn
1561 HINKS, HInKS
7957 HINd
1620 HINdEr
1637 HINdEsS
7568 HINe
1635 HIPKIN, HIPKIn
1656 HIPKISS
3307 HIPPEr
1535 HIRe
4765 HISCOCKS, HISCoCKS, HIScOCKS
1643 HITcH
6550 HITcHCOCK, HITcHCoCK
1520 HITcHINS, HITcHInS
1650 HITcHeN
1672 HITcHeNS
1587 HIVEs
1550 HIrONS
1526 HOBBIN, HOBBIn, HOBBiN, HoBBIN, HoBBIn, HoBBiN
27628 HOBBS, HoBBS
1562 HOBIN, HOBIn, HOBiN, HoBIN, HoBIn, HoBiN
7944 HOBSON, HoBSON
3338 HOBaN, HoBaN
12924 HODsON, HoDsON
1659 HOFF, HoFF
4538 HOFLaNd, HoFLaNd
9127 HOGaN, HoGaN
1604 HOKSINS, HOKSInS, HOKSiNS, HoKSINS, HoKSInS, HoKSiNS
10819 HOOK, HoOK
1581 HOOKS, HoOKS
23961 HOOPEr, HoOPEr
1623 HOOPS, HoOPS
6056 HOPEs, HoPEs
1536 HOPKIN, HOPKIn, HoPKIN, HoPKIn
48145 HOPKINS, HOPKInS, HoPKINS, HoPKInS
6261 HOPKINSON, HOPKInSON, HoPKINSON, HoPKInSON
1597 HOPPEr, HoPPEr
1608 HOPtON, HoPtON
1623 HORaN, HoRaN
1644 HORe, HoRe
1521 HORgLaN, HoRgLaN
10794 HORn, HoRn
3107 HORnBY, HoRnBY
12580 HORnEr, HoRnEr
1629 HORnSBY, HORnSbY, HoRnSBY, HoRnSbY
1650 HOSBaNd, HOsBaNd, HoSBaNd
1527 HOSKIN, HOSKIn, HOsKIN, HOsKIn, HoSKIN, HoSKIn
4611 HOSKINS, HOSKInS, HOsKINS, HOsKInS, HoSKINS, HoSKInS
3305 HOSeY, HoSeY
1533 HOVEr, HoVEr
1546 HOWAgTe, HoWAgTe
20292 HOWArTh, HoWArTh
1573 HOWAtSON, HoWAtSON
6540 HOWEs, HoWEs
3034 HOWLaNd, HoWLaNd
3169 HOWSON, HoWSON
1635 HOYTe, HoYTe
3061 HOgArTh
1548 HOgBeN
1539 HUBB
1575 HUCK
1577 HUCKIN, HUCKIn
1624 HUCKSTeP
66488 HUDsON
1561 HUDsPITh
1597 HUFFEr
1596 HUFFeY
3152 HUISH
1581 HUKIN, HUKIn
1654 HUNTe
1537 HUNTlY
1548 HUNTs
1569 HUNWICKS
1573 HUPP
3175 HUSKINSON, HUSKInSON
3185 HUSS
8120 HUSSeIN, HUSSeIn
6588 HUSSeY
3319 HUSTlEr
3070 HUTcHEsON, HUTcHeSON
1543 HUTcHIN, HUTcHIn
6246 HUTcHINS, HUTcHInS
31369 HUTcHINSON, HUTcHInSON
7892 HUTcHISON
1526 HUTcHeON
3224 HUTsON
1651 HUWS
1615 HYLaNDs, HYLaNdS
1600 HYLaNd
1641 HYNAm
3331 HYNDs, HYNdS
3311 HYNd
16378 HeAlY
3050 HeArN
3060 HeArNe
1550 HeArSeY
1576 HeArTh
33647 HeAtH
4849 HeAtHCOTe, HeAtHCoTe
6508 HeAtHEr
18088 HeAtON
1588 HeBrY
3071 HeFFEr
4644 HeFFErNaN
1573 HeFFrON
1669 HeNDy, HeNdY
9339 HeNNEsSY, HeNNeSSY
4639 HeNNEsSeY, HeNNeSSeY
4598 HeNSON
46745 HeNdErSON
1595 HeNdON
7823 HePBURn, HePbURn
1512 HeTh
1655 HeWSON
1654 HeYBURn, HeYbURn
1660 HeYEs
1522 HeYNS
3235 IBBOTsON
1630 IBBS
1618 INKEr, InKEr
3307 INNEs, INNeS, InNEs, InNeS
1569 INSON, InSON
17908 IReLaNd
1653 IReSON, IrEsON
1647 ISGaTe
3041 ISSAc
1538 IrVIN, IrVIn
15320 IrVINe
3120 IrWIN, IrWIn
3044 KAcY
1644 KAmPFNEr
1672 KArNe
1549 KArRaS
1544 KErBY
1580 KErNICK, KErNiCK
1528 KErSeY
3238 KIErNaN
1640 KILrOY
1553 KINCH, KInCH
1572 KINCHIN, KINCHIn, KInCHIN, KInCHIn
3249 KINGdON, KInGdON
1646 KINNIBURgH, KINNiBURgH, KInNIBURgH, KInNiBURgH
1661 KINNISON, KINNiSON, KInNISON, KInNiSON
1635 KINNeAr, KInNeAr
4672 KINSeY, KInSeY
4754 KINdEr
19556 KIRbY, KIrBY
1601 KITcHIN, KITcHIn
3185 KITcHeN
3242 KITsON
31170 KIrK
3030 KIrKBY
1539 KIrKHAm
3078 KIrKLaNd
4947 KIrWIN, KIrWIn
1600 KNIBB, KNiBB
1556 KNaB
1650 KOBaN
4956 KONe
1603 KORe
1660 KrAm
1668 KrISTeNSeN
4624 LaBBe
1650 LaCK
3045 LaCY
1635 LaCe
14727 LaCeY
1599 LaDyEr
1549 LaGaN
3074 LaKIN, LaKIn
1554 LaKNEr
4619 LaMoNd
1648 LaNCAsHIRe, LaNCaSHIRe
1668 LaNCe
1637 LaNDyMoRe, LaNdYMoRe
3035 LaNGdON
3051 LaNGe
3091 LaNHAm, LaNhAm
1615 LaNS
1515 LaNd
9212 LaNdEr
62226 LaNe
1667 LaPHAm
1522 LaRn
1524 LaRnEr
1666 LaSCO, LaSCo, LaScO
1543 LaSS
8028 LaThAm
1538 LaURaNS
6133 LaVEr
1553 LaVErAcK
6232 LaVErICK
7941 LaVErY
6423 LaWAl
1627 LaWCOCK, LaWCoCK
3029 LaWN
4561 LaWRaNCe
1556 LaWReNCEs, LaWReNCeS
53575 LaWReNCe
1555 LaWReNSON
3162 LaWS
50971 LaWSON
6426 LaWThEr
1642 LaYBOURn, LaYbOURn
8243 LaYCOCK, LaYCoCK
1531 LaYLaNd
1528 LiBArY
1560 LiFEsON, LiFeSON
1560 LiFSeY
4581 LiNEs, LiNeS
1644 LiNN
1644 LiNNeY
3330 LiNSBY, LiNSbY
1558 LiNTs
3336 LiNd
4741 LiNdO
1588 LiNdON
3207 LiNdOP
4982 LiNe
1525 LiNeKEr
1593 LiPP
3052 LiVErMoRe
1585 LuBBEr
1585 LuBBOCK
36021 LuCAs, LuCaS
1569 LuCK
1595 LuCKOCK
1606 LuCOCK, LuCoCK
3316 LuCe
3054 LuCeY
3238 LuKEr
8043 LuNN
1625 LuNNEsS, LuNNeSS
1647 LuNNeY
1551 LuNaN
1562 LuSBY, LuSbY
3239 McAlLaN
1649 McAlONaN
1660 McAlOON
3317 McAlPINe
6545 McBaIN, McBaIn
1522 McBeAtH
4627 McBeTh
3174 McBrIEr
1594 McBrINe
1621 McCArNeY
43841 McCArThY
1557 McCAsH, McCaSH
3195 McCAuSLaNd, McCaUSLaNd
1636 McCHEsNeY, McCHeSNeY
1514 McCLaIr
1646 McCLuNe, McClUNe
3301 McCLuRe, McClURe
3166 McCONAgHY, McCoNAgHY
1662 McCOOK, McCoOK
1591 McCOY, McCoY
1629 McCRaNK
3323 McCReAtH
1539 McCReErY
1648 McCUSKEr, McCuSKEr
1666 McCUTcHeON, McCuTcHeON
11352 McCaBe
10603 McCaFFReY
1542 McCaIRnS, McCaIrNS
20633 McCaNN
1615 McCaNNa
1579 McCaNe
4819 McCaW
1637 McCaY
3087 McCrONe
1585 McFAlUN
3191 McFArLaNd
22363 McFArLaNe
1611 McFArNON, McFArNoN
1639 McFErRaN
1574 McGeArY
1600 McGeOCH
4729 McILrOY
1674 McINNErNeY, McInNErNeY
3023 McINNEs, McINNeS, McInNEs, McInNeS
1571 McIVEr
1571 McKErN
3165 McKErRaCHEr
3312 McKINLaY, McKInLaY
1643 McKINdEr
3034 McKIrDy
3141 McLaCHLaN
1593 McLaIN, McLaIn
9586 McLaReN
1628 McLaUCHLaN
1532 McNErLiN
4581 McNICHOLaS, McNICHoLaS, McNiCHOLaS, McNiCHoLaS
4622 McNaB
13036 McPHErSON
1647 McSHeFFReY
1662 McSHeRa
1588 McTaVISH
3258 McVICKEr
1683 McWHIr
1583 MoBBS
1583 MoBeY
7657 MoFFAt
1553 MoHNeY
4964 MoNK
1514 MoNKHOUSe, MoNKHoUSe
3056 MoNKS
3202 MoNSON
4586 MoNTeITh
11371 MoODy
9800 MoON
16553 MoONeY
144446 MoORe
1565 MoOReHOUSe, MoOReHoUSe
9477 MoORhOUSe
1658 MoPP
31308 MoRaN
1607 MoRbAcH
1607 MoRbY
9073 MoRe
1556 MoReLaNd
7882 MoReNO, MoReNo
1664 MoRgON
1583 MoSBY, MoSbY
40964 MoSS
3054 MoTh
3069 MoUGa
3142 MoUNTaIN, MoUNTaIn
1582 MoUNTbAtTeN
3114 MoWBRaY
1632 MoYEs
1645 MoYLaN
4533 MoYON
3138 NArTeY
24098 NAsH, NaSH
3243 NAsON, NaSON
4969 NErO
3066 NEsS, NeSS
8281 NICHOLaS, NICHoLaS, NiCHOLaS, NiCHoLaS
1609 NICKS, NiCKS
3323 NICOLaS, NICoLaS, NiCOLaS, NiCoLaS
3047 NINeHAm, NiNeHAm
1637 NOAcH, NoAcH
4539 NOBBS, NoBBS
3032 NOKEs, NoKEs
12178 NOLaN, NoLaN
6584 NOON, NoON
4981 NOONaN, NoONaN
1585 NORbURn, NoRbURn
4728 NOYCe, NoYCe
1583 NOYEs, NoYEs
9365 NUNN
11594 NaIRn, NaIrN
4944 NaIr
1624 NaNSON
3063 NaNdI
4961 NaPIEr
3060 NaPPEr
3149 NaYSmITh
16304 NeAl
3317 NeArY
3172 NeEsON
1570 NeISH
1526 NeVINS, NeVInS
1525 NeVIS
6354 NeWBY
3260 NeWHAm
3020 NeWLaNDs, NeWLaNdS
1669 NeWLaNd
3109 NeWSHAm
1584 NeWSON
1618 NeYLaNd
7574 OAtEs
3190 OFlYNN
1657 OKTeN
1542 OLaN
40678 OLiVEr
6386 OLiVIEr
1581 OPaYNe
4958 OSBORn, OSbORn, OsBORn
1563 OSMoNd, OSmONd, OsMoNd
1663 OSTcLiFFe, OsTcLiFFe
3028 OSTlEr, OsTlEr
1543 OVErSON
1561 OXeNHAm, OXeNhAm
1551 OgILvY
1586 OgRaDy
3157 PAcK, PaCK
3195 PAcKEr, PaCKEr
3073 PAlFReY
3141 PAlIN, PAlIn, PaLiN
9322 PArISH
30076 PArK
109943 PArKEr
14632 PArKEs
6579 PArKIN, PArKIn
4537 PArKINS, PArKInS
18340 PArKINSON, PArKInSON
7753 PArKS
1608 PArNHAm, PArNhAm, PaRnHAm
3175 PArNaBY
32698 PArSONS
1549 PArSONaGe
1652 PArVIN, PArVIn
3307 PAsSMoRe, PAsSmORe, PaSSMoRe, PaSSmORe
1633 PAsSeY, PaSSeY
27085 PAtErSON
1648 PAtMoRe, PaTmORe
8278 PAtON
4618 PAtTeN
1571 PAtTeRn
1590 PAtTiMoRe
3197 PAtTiNSON
6408 PAtTiSON
4682 PErCIVAl
3101 PErKIN, PErKIn
23317 PErKINS, PErKInS
3129 PErKS
3264 PErOWNe
16836 PHILiP
3124 PHILiPS
3072 PHIPPS
1548 PHIPSON
6560 PHeLaN
3334 PICK
1641 PICKUP
7929 PIErCe
3196 PIErCeY
4922 PIErRe
3239 PINKNeY, PInKNeY
3293 PINNEr, PInNEr
6602 PINNOCK, PINNoCK, PInNOCK, PInNoCK
1531 PINS, PInS
1536 PINSON, PInSON
3263 PINdEr
3330 PINe
1547 PINeY
19148 PIPEr
3076 PITcHEr
1551 PITcHErS
1588 PIThErS
6056 POCOCK, POCoCK, PoCOCK, PoCoCK
8198 PONd, PoNd
3284 POON, PoON
1648 POPPINS, POPPInS, PoPPINS, PoPPInS
4773 POUNdEr, PoUNdEr
24494 POWEr, PoWEr
6173 POWErS, PoWErS
3132 POWIS, PoWIS
1619 POWNEr, PoWNEr
1624 POWNeY, PoWNeY
1645 POYNEr, PoYNEr
4969 POYSEr, PoYSEr
13031 PReNTiCe
1642 PRuCe, PrUCe
1570 PYNe
3228 PaGaN
40554 PaGe
3341 PaIGe
1591 PaINEs, PaINeS, PaInEs
11055 PaINe
3303 PaNEsAr, PaNeSAr
3292 PaWSON
1541 PaYEr
37552 PaYNe
105993 PrICe
13256 PrINCe, PrInCe
1658 PrOSEr, PrOsEr
9918 PrOSSEr, PrOsSEr
1643 PrOWSe
3328 RaCKHAm
3254 RaINe
6554 RaINeY
1580 RaNDs, RaNdS
14731 RaNKIN, RaNKIn
3332 RaNKS
3027 RaNN
3094 RaNSON
3324 RaNd
1527 RaNdAl
1554 RaNdErSON
1662 RaPSON
1646 RaTcLiFF
14873 RaTcLiFFe
1524 RaThBONe
1668 RaVAl
1653 RaWKINS, RaWKInS
1525 RaWLiNS
6088 RaWLiNSON
1551 RaWSON
1602 RaYBURn, RaYbURn
9754 RaYMoNd
11439 RaYNEr
1651 RaYNHAm, RaYNhAm
3158 ReAsBeCK
50058 ReEs
11497 ReGaN
1620 ReIDy
3133 ReISSEr
1663 ReNNa
1540 ReNO, ReNo
4741 ReNWICK
3172 ReNdEr
1648 RePtON
6614 ReYEs
1669 ReYGaN
1530 RhONe
3118 RhYS
1654 RuBIN, RuBIn, RuBiN
1632 RuBeN
1655 RuCK
3206 RuFF
1578 RuPP
8200 RuSH
3035 RuSHBY
1652 RuSHBrOOK
1523 RuSHe
1567 RuSS
1615 RuSSEr
3277 RuSSON
1536 SAcKEr
1557 SAlAmON
4591 SAlEs
6629 SAlLiS
6066 SAlMoN
1535 SAlMoNd
3119 SAlOMoN
3179 SAlOU
3266 SAlThOUSe
1561 SAmEs
4665 SAmI
9758 SAmPSON
1528 SArTiN
69004 SAuNdErS
1648 SCAlEs, ScAlEs
1561 SCArFe, ScArFe
3135 SCHIrRu, ScHIrRu
3281 SCOTcHEr, SCoTcHEr, ScOTcHEr
1645 SCaIFe
1657 SCrOWThEr
1629 SErTh
3206 SHArIF
1611 SHArIFF
3284 SHArLaNd
42266 SHArP
3288 SHErWIN, SHErWIn
1522 SHINEr, SHInEr
1570 SHINKINS, SHINKInS, SHInKINS, SHInKInS
3183 SHIPtON
3213 SHIReS, SHIrEs
1528 SHIVErS
1615 SHIrLaW
4644 SHONe, SHoNe
1600 SHORe, SHoRe
1600 SHOReY, SHoReY
6418 SHeArEr
3305 SHeArS
3255 SHePHErDsON
1522 SHeTh
1554 SHeVLiN
1519 SIBSON, SiBSON
3072 SIErRa, SiErRa
3211 SILvEr, SiLvEr
1630 SILvErS, SiLvErS
1633 SILvErSTeIN, SILvErSTeIn, SiLvErSTeIN, SiLvErSTeIn
16672 SIMoN, SiMoN
17123 SIMoNS, SiMoNS
1589 SINAtRa, SInAtRa, SiNAtRa
22331 SINCLaIr, SInCLaIr, SiNCLaIr
1591 SINKINS, SINKInS, SInKINS, SInKInS, SiNKINS, SiNKInS
6676 SISSON, SiSSON
7589 SISSONS, SiSSONS
1558 SIVINS, SIVInS, SiVINS, SiVInS
1646 SIrMoNd
1669 SKErVIN, SKErVIn
17321 SKINNEr, SKInNEr
1601 SKIPP
4790 SKIPPEr
3330 SKUSe
4563 SLaCK
3206 SLiNN
1633 SMoTh, SmOTh
7629 SNOW, SNoW, SnOW
1583 SNaITh
1618 SNeEsBY
1633 SOArEs
1640 SOArKS
1640 SOBeY
3327 SOMnEr
1530 SONd
1587 SOPP
1561 SOUKAl
4925 SOUTh
3342 SOUThAm
12291 SOUThErN
7737 SOUThGaTe
4707 SOUThWICK
3256 SOWErBY
1517 SOYEr
4890 SPArKEs
4545 SPArKS
7674 SPICEr
1533 SPICe
4956 SPINKS, SPInKS
1677 SPINNeY, SPInNeY
1547 SPIReS, SPIrEs
11093 SPOONEr, SPoONEr
1614 SPRuCe, SPrUCe
1542 SPaCeY
1614 SPaReY
1588 SPrINGaTe, SPrInGaTe
1647 SPrY
4854 STaCK
3268 STaCKHOUSe, STaCKHoUSe
3292 STaCY
17457 STaCeY
6062 STaFF
3187 STaINEs, STaINeS, STaInEs
1544 STaN
3131 STaNILaNd, STaNiLaNd
1586 STaNMoRe
1527 STaNYEr
3170 STaRbUCK
3324 STaRnEs
1516 STaRnS
1578 STaThAm
6634 STeEr
6580 STeNHOUSe, STeNHoUSe, STeNhOUSe
4799 STePHeN
35599 STePHeNS
37457 STePHeNSON
1641 STePNeY
1519 STeRn
3291 STiNSON
1550 STiTcHeNEr
12931 SUMnEr
1627 SUNdEr
4916 SUNdErLaNd
3175 SUTcLiFFe
31784 SUThErLaNd
1623 SUThONS
7725 SWAlEs
1521 SWINN, SWInN
4600 SWINNeY, SWInNeY
1616 SYCAmORe, SYCaMoRe
1668 SYErS
18328 SYKEs
6663 SYMoNDs, SYMoNdS
1523 SYMoNS
1559 SYSON
1594 SYVErSON
4582 SeAgEr
4624 SeAgO
3147 SeAl
1589 SeAlEs
3061 SeArS
1538 SeArSON
3091 SeAtON
4977 SeEr
729862 SmITh
1527 SmIThEr
3063 SmIThErS
1555 SmIThErSON
3112 SmIThIEs
3122 SmIThS
4723 SmIThSON
18203 SmYTh
1616 TaBErSHAm
17775 TaNNEr
1665 TaNSeY
1557 TaNdON
1606 TaPP
1632 TaPPIN, TaPPIn
1548 TaRbUCK
4542 TaSKEr
14474 TaTe
3264 TaTlOCK
1655 TaTlOW
3305 TeAl
1575 TeAtHEr
1610 TeBBS
1551 TeTlOW
1623 ThAcKEr
3268 ThAcKRaY
11033 ThAtCHEr
3093 ThONON, ThONoN
1588 ThORn
1656 ThORnEs
1569 ThRaVEs
1642 ThURbON
3215 TiCKNEr
9985 TiErNeY
3077 TiNKEr
1559 TiNKLiN
1580 TiNKS
3299 TiPPINS, TiPPInS
1659 TiPS
1522 TiPtON
1639 TiTmArSH
4904 TiTmUS
1648 TiTmUSS
1528 UNWIN, UNWIn
1617 UPSON
9674 UPtON
1621 VAlLaNCe
1521 VAlLiNS
3329 VArDy
3026 VAsS
4524 VErNON, VErNoN
1659 VErNeY
3280 VICArY
1674 VICKArS
15260 VICKErS
4614 VICKErY
3296 VICeNS
1557 VIKErS
6259 VINCe, VInCe
1620 VINEr, VInEr
1641 VINEs, VINeS, VInEs
1522 VINNY, VInNY
4816 VINe
1645 VINeY
3174 VIRgO
1539 VOCKINS, VOCKInS
1517 VOYSe
1532 VYNEr
6109 WAgHORn, WAgHoRn
10809 WAgSTaFF
3123 WAgSTaFFe
1658 WAlBY
1669 WAlCH
9674 WAlEs
195372 WAlKEr
1673 WAlKErS
1562 WAlKIN, WAlKIn
42601 WAlLaCe
1676 WAlLiKEr
1516 WAlLiN
18532 WAlLiS
73208 WAlSH
3308 WAlSHe
3058 WAlThAm
1566 WAlWYN
3151 WArBY
1559 WArBrICK
1616 WArEs
4992 WArN
13628 WArNEr
1529 WArNEs, WArNeS
3103 WArNOCK, WArNoCK
39108 WArReN
1586 WArReNEr
9062 WArWICK
1527 WArY
1549 WAsHBrOOK
1550 WAsHEr
3194 WAtEr
8124 WAtErHOUSe, WAtErHoUSe
16555 WAtErS
7545 WAtErSON
1542 WAtEs
1571 WAtKIN, WAtKIn
25289 WAtKINS, WAtKInS
3207 WAtKINSON, WAtKInSON
1616 WAtKISS
1664 WAtSHAm
181296 WAtSON
54124 WAtTs
4759 WErNEr
1518 WEsSON
1574 WEsTeN
1591 WEsTeRbY
4817 WEsTeRn
1646 WEsTmORe
1602 WHICKEr
1638 WHINHAm, WHINhAm, WHInHAm
1658 WHISKIN, WHISKIn
1674 WHISTlEr
10646 WHITaKEr
1551 WHITbURn
4655 WHITbY
181979 WHITe
22738 WHITeHOUSe, WHITeHoUSe
3304 WHITeLaW
1536 WHITeSmITh
6280 WHIThAm
4809 WHITlOCK
1615 WHITmArSH
11365 WHITmORe
17220 WHYTe
1596 WHeAtON
23102 WHeLaN
1614 WICKErS
4851 WICKHAm
13026 WICKS
1545 WINCOTe, WINCoTe, WInCOTe, WInCoTe
1653 WINCe, WInCe
3303 WINFEr, WInFEr
1583 WINKS, WInKS
6479 WINN, WInN
1657 WINNeY, WInNeY
3332 WINSHIP, WInSHIP
3125 WINdEr
1537 WISEr
9048 WISe
3276 WIThEr
8271 WIThErS
1529 WIThNeY
1539 WOLvErSON
1651 WOODbURn
50230 WOODs
1526 WOOSNAm, WOOSnAm, WOOsNAm
3318 WOThErSPOON, WOThErSPoON
1597 WRaITh
4974 WRaY
6116 WReN
4617 WReNCH
4637 WReNN
3131 WYEr
1604 WYKEs
1656 WYNEsS, WYNeSS
1676 WYNN
3026 WYNNe
1630 YArKEr
28728 YAtEs
1631 YOUNGe
6092 YOUNIS, YOUNiS
3244 YOUSSOUF
1577 YUSUF